-- 1. Update existing posts randomly
UPDATE posts SET like_count = floor(random() * 20), dislike_count = floor(random() * 5);
-- 2. Insert new posts
INSERT INTO posts (id, club_id, user_id, title, content, like_count, dislike_count, created_at, embedding) 
VALUES ('22554ca5-2fb8-4ec5-9c55-585d4a6d68d1', '31520568-64a0-4260-8775-ccdaf71ca007', '699f3b33-ccd7-4b14-99de-10560e32150d', 'What is the best AI coding assistant currently?', 'I have been trying out a few, but what do you all think?', 18, 3, '2026-03-22 21:34:06', '[-0.671, -0.011, -0.098, 0.483, 0.702, 0.855, 0.496, -0.235, -0.878, 0.741, -0.159, -0.742, 0.413, 0.965, -0.455, 0.644, 0.812, -0.87, 0.942, -0.812, 0.04, 0.528, -0.284, -0.422, -0.979, -0.297, 0.657, 0.206, 0.116, 0.264, -0.842, 0.772, 0.828, -0.707, -0.011, 0.275, 0.562, 0.457, -0.579, 0.942, 0.503, -0.543, 0.952, 0.357, -0.653, -0.401, 0.155, -0.176, 0.683, -0.638, 0.735, -0.847, 0.76, -0.824, 0.362, 0.21, 0.602, 0.098, -0.779, 0.403, 0.555, -0.752, -0.272, -0.857, -0.673, 0.677, -0.609, 0.304, -0.859, 0.846, -0.115, -0.57, -0.207, -0.717, 0.412, 0.612, 0.922, 0.926, -0.256, 0.838, -0.112, -0.649, 0.559, 0.357, -0.48, 0.394, -0.498, -0.91, -0.398, -0.602, -0.541, -0.757, -0.552, -0.738, 0.446, -0.217, -0.294, -0.766, 0.959, -0.989, -0.524, -0.262, 0.843, 0.527, -0.882, 0.328, 0.978, -0.798, 0.553, -0.92, -0.596, -0.585, 0.041, -0.0, -0.383, -0.669, -0.947, 0.199, 0.04, -0.197, -0.738, -0.172, -0.292, -0.761, 0.248, -0.359, -0.472, 0.058]');
INSERT INTO posts (id, club_id, user_id, title, content, like_count, dislike_count, created_at, embedding) 
VALUES ('58a9e7bf-09fe-4497-bc81-83f2db36dc07', '433227d3-4281-4e32-b75e-b3c90d76c072', '00261715-f8ee-41c9-b334-706177aba732', 'What is your GOTY so far?', 'There are so many good releases, I can hardly keep track.', 20, 1, '2026-04-02 03:34:06', '[0.029, 0.945, 0.708, -0.812, 0.407, 0.038, 0.124, 0.975, -0.881, 0.604, 0.338, 0.141, -0.067, 0.054, -0.821, -0.625, -0.163, 0.532, -0.344, 0.726, 0.991, -0.076, -0.252, -0.799, 0.328, 0.295, 0.657, -0.764, -0.621, -0.248, 0.571, 0.985, 0.822, 0.625, -0.669, -0.265, 0.736, -0.088, -0.043, 0.284, -0.332, -0.06, -0.524, 0.22, 0.058, -0.772, 0.6, 0.816, 0.716, 0.754, -0.958, 0.474, 0.116, 0.418, 0.974, -0.401, 0.839, -0.284, -0.081, 0.393, 0.11, -0.968, 0.872, 0.317, 0.767, -0.376, -0.033, -0.537, -0.282, 0.234, -0.999, -0.439, -0.614, 0.381, 0.647, -0.126, 0.006, -0.588, -0.335, 0.014, -0.46, 0.884, 0.928, 0.132, -0.88, -0.19, 0.285, 0.743, -0.677, 0.276, -0.742, 0.742, 0.41, 0.687, -0.874, 0.69, -0.834, 0.279, 0.404, 0.042, 0.328, -0.586, -0.504, 0.999, 0.056, -0.448, 0.523, -0.365, 0.797, 0.533, 0.252, -0.046, 0.365, -0.712, 0.09, -0.394, -0.742, -0.871, 0.397, 0.502, -0.22, -0.437, -0.47, -0.952, 0.834, -0.952, -0.516, -0.187]');
INSERT INTO posts (id, club_id, user_id, title, content, like_count, dislike_count, created_at, embedding) 
VALUES ('6dff8b0f-7a8c-4b94-b3c1-d0765f7516d9', 'bfb70389-9006-4212-8446-ced7002cbc49', '00261715-f8ee-41c9-b334-706177aba732', 'Dune 3 predictions?', 'Villeneuve said it is his last one. How will he end it?', 15, 3, '2026-04-01 21:34:06', '[-0.108, -0.666, 0.878, -0.893, -0.678, -0.413, 0.015, -0.499, 0.385, 0.706, 0.868, -0.599, -0.667, -0.032, -0.054, -0.739, -0.321, -0.329, -0.138, 0.262, -0.666, 0.178, -0.43, 0.493, 0.931, -0.671, 0.552, -0.044, -0.259, 0.719, 0.558, 0.822, 0.082, 0.44, -0.632, 0.227, -0.802, 0.166, -0.109, -0.818, -0.831, 0.486, 0.924, 0.269, -0.598, 0.142, 0.306, -0.99, -0.74, -0.411, -0.787, 0.755, -0.447, 0.772, 0.533, 0.933, -0.156, -0.278, -0.533, -0.88, -0.088, 0.364, -0.737, 0.612, 0.427, 0.113, -0.32, 0.589, -0.212, 0.636, 0.12, -0.253, 0.189, 0.557, -0.625, 0.838, 0.934, -0.08, -0.54, 0.814, -0.266, 0.959, -0.6, 0.366, 0.866, -0.973, 0.76, 0.634, 0.624, -0.446, 0.186, -0.39, -0.486, -0.133, 0.7, -0.576, 0.633, 0.723, 0.671, -0.943, -0.88, 0.835, -0.84, 0.213, 0.25, -0.883, -0.585, 0.396, -0.542, 0.983, 0.122, 0.304, 0.114, 0.278, -0.502, 0.83, -0.369, 0.927, 0.734, 0.664, 0.111, -0.583, -0.263, 0.83, -0.234, 0.129, -0.586, 0.234]');
INSERT INTO posts (id, club_id, user_id, title, content, like_count, dislike_count, created_at, embedding) 
VALUES ('44e95f34-98fd-478f-a833-1b9d2442e339', '3e393ad8-7ff7-4043-b9e1-067f2e52b09e', '00261715-f8ee-41c9-b334-706177aba732', 'What is your Album of the Year?', 'So many great drops this year.', 4, 2, '2026-03-31 13:34:06', '[0.711, -0.104, -0.703, -0.222, 0.92, -0.288, 0.757, -0.709, 0.717, 0.725, 0.734, -0.755, -0.162, 0.121, -0.619, -0.699, -0.463, -0.199, -0.19, -0.66, -0.949, -0.822, 0.1, -0.433, 0.888, 0.052, -0.129, 0.655, 0.192, 0.534, 0.839, -0.349, 0.156, -0.43, -0.385, -0.066, 0.508, -0.74, 0.201, -0.662, -0.437, 0.407, -0.989, 0.148, 0.629, 0.182, 0.004, 0.968, -0.13, 0.857, 0.259, -0.534, 0.503, 0.562, 0.802, 0.149, -0.327, -0.884, 0.583, -0.649, -0.322, 0.004, 0.179, 0.279, 0.116, -0.052, -0.941, 0.862, -0.257, -0.922, -0.856, 0.201, -0.181, 0.231, 0.615, -0.009, -0.352, -0.608, 0.452, 0.032, 0.474, -0.588, 0.574, 0.093, -0.055, -0.049, -0.435, -0.785, 0.213, 0.208, -0.732, -0.056, -0.828, -0.783, 0.807, 0.329, -0.124, 0.374, -0.949, 0.187, 0.825, -0.677, -0.075, 0.786, -0.151, 0.514, 0.996, 0.176, -0.26, -0.802, -0.012, -0.803, 0.332, 0.865, -0.385, 0.239, -0.582, -0.411, -0.169, 0.54, -0.166, -0.979, -0.743, -0.956, -0.13, -0.836, 0.51, 0.309]');
INSERT INTO posts (id, club_id, user_id, title, content, like_count, dislike_count, created_at, embedding) 
VALUES ('fc732bf1-cfb0-4855-b4fc-d134da3f1262', 'a391eb96-4373-4fec-b635-1f5876cbc887', '64d4b754-d8ec-4d05-8885-65a5156e6a74', 'One Piece latest chapter discussion!!', 'Absolutely crazy reveal this week. Oda is a genius.', 2, 4, '2026-03-21 12:34:06', '[-0.165, -0.594, 0.676, 0.369, -0.437, 0.335, 0.702, 0.152, -0.005, 0.683, 0.351, 0.034, 0.864, 0.618, -0.638, 0.57, 0.723, -0.802, 0.084, 0.208, -0.548, -0.836, -0.174, 0.139, -0.347, 0.347, -0.583, 0.387, 0.896, -0.023, 0.556, 0.072, 0.318, 0.774, 0.542, 0.804, -0.93, -0.09, -0.938, 0.261, 0.283, 0.243, -0.504, 0.266, -0.624, -0.601, -0.795, -0.79, -0.295, 0.983, -0.718, 0.22, 0.794, -0.397, -0.228, 0.229, -0.311, -0.191, 0.445, -0.095, 0.505, -0.536, 0.212, -0.888, 0.048, 0.991, 0.416, -0.35, -0.123, -0.452, -0.86, 0.279, -0.113, 0.975, -0.352, -0.825, 0.869, 0.802, -0.301, 0.008, 0.015, 0.108, -0.298, -0.434, -0.202, -0.21, -0.675, 0.022, -0.621, 0.557, 0.985, -0.372, -0.252, 0.67, 0.187, 0.157, -0.444, 0.303, 0.475, -0.139, -0.317, 0.6, -0.98, 0.543, -0.648, 0.411, -0.522, 0.603, -0.703, 0.562, 0.77, 0.103, -0.247, 0.266, 0.737, 0.479, -0.309, 0.386, -0.313, -0.334, -0.428, -0.31, 0.8, 0.604, -0.666, -0.225, 0.088, 0.481]');
INSERT INTO posts (id, club_id, user_id, title, content, like_count, dislike_count, created_at, embedding) 
VALUES ('7ad0ff6d-3b4b-406c-b45b-3efce1a280a9', 'fc074875-cf3c-4e2e-a60b-ceb1645f5372', '00261715-f8ee-41c9-b334-706177aba732', 'How do you break through a bench plateau?', 'Been stuck at 225 for a month.', 15, 5, '2026-04-04 04:34:06', '[-0.861, 0.493, -0.416, 0.082, 0.105, 0.58, -0.477, -0.276, -0.321, 0.968, 0.619, -0.7, -0.829, 0.78, -0.936, 0.311, 0.733, 0.326, -0.396, 0.003, -0.065, 0.117, 0.735, -0.367, -0.147, 0.659, -0.105, -0.969, -0.557, -0.872, 0.966, -0.125, -0.591, 0.425, 0.223, -0.974, 0.52, 0.987, 0.3, 0.988, -0.209, 0.702, -0.018, 0.853, -0.111, 0.627, -0.108, 0.151, -0.521, 0.361, -0.173, -0.008, 0.01, 0.112, 0.306, 0.327, 0.292, -0.137, 0.09, -0.794, 0.391, 0.807, 0.612, 0.568, 0.54, 0.702, 0.69, 0.822, 0.016, -0.822, -0.267, 0.79, -0.46, 0.029, 0.469, 0.588, -0.61, 0.901, 0.976, -0.631, -0.255, 0.503, 0.523, -0.785, 0.206, 0.324, -0.994, 0.535, 0.589, 0.451, 0.232, 0.571, -0.384, 0.934, 0.078, -0.157, 0.364, -0.319, 0.392, -0.229, 0.569, -0.827, -0.93, 0.713, -0.842, 0.411, -0.179, 0.46, 0.019, -0.812, -0.484, 0.198, -0.766, -0.291, -0.28, 0.133, -0.046, 0.793, -0.326, 0.274, 0.104, -0.562, 0.744, -0.761, 0.516, 0.753, -0.344, 0.098]');
-- 3. Ensure memberships
INSERT INTO club_members (user_id, club_id) VALUES ('699f3b33-ccd7-4b14-99de-10560e32150d', '31520568-64a0-4260-8775-ccdaf71ca007') ON CONFLICT DO NOTHING;
INSERT INTO club_members (user_id, club_id) VALUES ('699f3b33-ccd7-4b14-99de-10560e32150d', '433227d3-4281-4e32-b75e-b3c90d76c072') ON CONFLICT DO NOTHING;
INSERT INTO club_members (user_id, club_id) VALUES ('699f3b33-ccd7-4b14-99de-10560e32150d', 'bfb70389-9006-4212-8446-ced7002cbc49') ON CONFLICT DO NOTHING;
INSERT INTO club_members (user_id, club_id) VALUES ('699f3b33-ccd7-4b14-99de-10560e32150d', '3e393ad8-7ff7-4043-b9e1-067f2e52b09e') ON CONFLICT DO NOTHING;
INSERT INTO club_members (user_id, club_id) VALUES ('699f3b33-ccd7-4b14-99de-10560e32150d', 'a391eb96-4373-4fec-b635-1f5876cbc887') ON CONFLICT DO NOTHING;
INSERT INTO club_members (user_id, club_id) VALUES ('699f3b33-ccd7-4b14-99de-10560e32150d', 'fc074875-cf3c-4e2e-a60b-ceb1645f5372') ON CONFLICT DO NOTHING;
INSERT INTO club_members (user_id, club_id) VALUES ('00261715-f8ee-41c9-b334-706177aba732', '31520568-64a0-4260-8775-ccdaf71ca007') ON CONFLICT DO NOTHING;
INSERT INTO club_members (user_id, club_id) VALUES ('00261715-f8ee-41c9-b334-706177aba732', '433227d3-4281-4e32-b75e-b3c90d76c072') ON CONFLICT DO NOTHING;
INSERT INTO club_members (user_id, club_id) VALUES ('00261715-f8ee-41c9-b334-706177aba732', 'bfb70389-9006-4212-8446-ced7002cbc49') ON CONFLICT DO NOTHING;
INSERT INTO club_members (user_id, club_id) VALUES ('00261715-f8ee-41c9-b334-706177aba732', '3e393ad8-7ff7-4043-b9e1-067f2e52b09e') ON CONFLICT DO NOTHING;
INSERT INTO club_members (user_id, club_id) VALUES ('00261715-f8ee-41c9-b334-706177aba732', 'a391eb96-4373-4fec-b635-1f5876cbc887') ON CONFLICT DO NOTHING;
INSERT INTO club_members (user_id, club_id) VALUES ('00261715-f8ee-41c9-b334-706177aba732', 'fc074875-cf3c-4e2e-a60b-ceb1645f5372') ON CONFLICT DO NOTHING;
INSERT INTO club_members (user_id, club_id) VALUES ('64d4b754-d8ec-4d05-8885-65a5156e6a74', '31520568-64a0-4260-8775-ccdaf71ca007') ON CONFLICT DO NOTHING;
INSERT INTO club_members (user_id, club_id) VALUES ('64d4b754-d8ec-4d05-8885-65a5156e6a74', '433227d3-4281-4e32-b75e-b3c90d76c072') ON CONFLICT DO NOTHING;
INSERT INTO club_members (user_id, club_id) VALUES ('64d4b754-d8ec-4d05-8885-65a5156e6a74', 'bfb70389-9006-4212-8446-ced7002cbc49') ON CONFLICT DO NOTHING;
INSERT INTO club_members (user_id, club_id) VALUES ('64d4b754-d8ec-4d05-8885-65a5156e6a74', '3e393ad8-7ff7-4043-b9e1-067f2e52b09e') ON CONFLICT DO NOTHING;
INSERT INTO club_members (user_id, club_id) VALUES ('64d4b754-d8ec-4d05-8885-65a5156e6a74', 'a391eb96-4373-4fec-b635-1f5876cbc887') ON CONFLICT DO NOTHING;
INSERT INTO club_members (user_id, club_id) VALUES ('64d4b754-d8ec-4d05-8885-65a5156e6a74', 'fc074875-cf3c-4e2e-a60b-ceb1645f5372') ON CONFLICT DO NOTHING;
-- 4. Insert comments
INSERT INTO comments (id, post_id, club_id, user_id, content, created_at) 
VALUES ('6083e47f-993c-4086-a733-f579a1d5c69c', '58a9e7bf-09fe-4497-bc81-83f2db36dc07', '433227d3-4281-4e32-b75e-b3c90d76c072', '699f3b33-ccd7-4b14-99de-10560e32150d', 'Can you share a link to that?', '2026-04-03 13:34:06');
INSERT INTO comments (id, post_id, club_id, user_id, content, created_at) 
VALUES ('b51ae813-98c1-4517-9093-9897eed47ccc', '58a9e7bf-09fe-4497-bc81-83f2db36dc07', '433227d3-4281-4e32-b75e-b3c90d76c072', '00261715-f8ee-41c9-b334-706177aba732', 'This is so true 😭', '2026-04-05 13:34:06');
INSERT INTO comments (id, post_id, club_id, user_id, content, created_at) 
VALUES ('8b7f3a03-8e78-4593-9a1a-81678b498f53', '58a9e7bf-09fe-4497-bc81-83f2db36dc07', '433227d3-4281-4e32-b75e-b3c90d76c072', '00261715-f8ee-41c9-b334-706177aba732', 'Can you share a link to that?', '2026-04-03 13:34:06');
INSERT INTO comments (id, post_id, club_id, user_id, content, created_at) 
VALUES ('25be77bb-2224-47d5-81da-6e8328abc946', '58a9e7bf-09fe-4497-bc81-83f2db36dc07', '433227d3-4281-4e32-b75e-b3c90d76c072', '699f3b33-ccd7-4b14-99de-10560e32150d', 'Can you share a link to that?', '2026-04-04 13:34:06');
INSERT INTO comments (id, post_id, club_id, user_id, content, created_at) 
VALUES ('5fb3a3b6-f337-445f-baf8-4ad1e761634a', '6dff8b0f-7a8c-4b94-b3c1-d0765f7516d9', 'bfb70389-9006-4212-8446-ced7002cbc49', '699f3b33-ccd7-4b14-99de-10560e32150d', 'I never thought about it that way.', '2026-04-05 13:34:06');
INSERT INTO comments (id, post_id, club_id, user_id, content, created_at) 
VALUES ('0737f219-9b2d-449b-b3bb-dae0bdff4f1c', '44e95f34-98fd-478f-a833-1b9d2442e339', '3e393ad8-7ff7-4043-b9e1-067f2e52b09e', '64d4b754-d8ec-4d05-8885-65a5156e6a74', 'nah this ain''t it', '2026-04-05 13:34:06');
INSERT INTO comments (id, post_id, club_id, user_id, content, created_at) 
VALUES ('ef4fa85b-7d86-4564-9e54-c17ec5e27c27', 'fc732bf1-cfb0-4855-b4fc-d134da3f1262', 'a391eb96-4373-4fec-b635-1f5876cbc887', '00261715-f8ee-41c9-b334-706177aba732', 'Could you elaborate more?', '2026-04-05 13:34:06');
INSERT INTO comments (id, post_id, club_id, user_id, content, created_at) 
VALUES ('fb1e063a-3aad-48f3-bb6e-8f55199face1', 'fc732bf1-cfb0-4855-b4fc-d134da3f1262', 'a391eb96-4373-4fec-b635-1f5876cbc887', '699f3b33-ccd7-4b14-99de-10560e32150d', 'Bro literally yes.', '2026-04-03 13:34:06');
INSERT INTO comments (id, post_id, club_id, user_id, content, created_at) 
VALUES ('f955b357-29f3-4497-8634-b4b90da5e42f', 'fc732bf1-cfb0-4855-b4fc-d134da3f1262', 'a391eb96-4373-4fec-b635-1f5876cbc887', '699f3b33-ccd7-4b14-99de-10560e32150d', 'Could you elaborate more?', '2026-04-04 13:34:06');
INSERT INTO comments (id, post_id, club_id, user_id, content, created_at) 
VALUES ('3d558358-da8f-474e-a062-90bd772f5ed4', 'fc732bf1-cfb0-4855-b4fc-d134da3f1262', 'a391eb96-4373-4fec-b635-1f5876cbc887', '00261715-f8ee-41c9-b334-706177aba732', 'Could you elaborate more?', '2026-04-05 13:34:06');
INSERT INTO comments (id, post_id, club_id, user_id, content, created_at) 
VALUES ('c562fdb3-f712-4649-91b3-a2ea585e2969', '7ad0ff6d-3b4b-406c-b45b-3efce1a280a9', 'fc074875-cf3c-4e2e-a60b-ceb1645f5372', '00261715-f8ee-41c9-b334-706177aba732', 'I never thought about it that way.', '2026-04-05 13:34:06');
INSERT INTO comments (id, post_id, club_id, user_id, content, created_at) 
VALUES ('54bdd0cd-5a46-488f-9c4c-e7ef8f7362f7', '7ad0ff6d-3b4b-406c-b45b-3efce1a280a9', 'fc074875-cf3c-4e2e-a60b-ceb1645f5372', '64d4b754-d8ec-4d05-8885-65a5156e6a74', 'Bro literally yes.', '2026-04-04 13:34:06');
INSERT INTO comments (id, post_id, club_id, user_id, content, created_at) 
VALUES ('bfec80f0-9cea-479d-ae5f-5052fa3451ca', '7ad0ff6d-3b4b-406c-b45b-3efce1a280a9', 'fc074875-cf3c-4e2e-a60b-ceb1645f5372', '64d4b754-d8ec-4d05-8885-65a5156e6a74', 'nah this ain''t it', '2026-04-04 13:34:06');
-- 5. Update comment counts
UPDATE posts p SET comment_count = (SELECT count(*) FROM comments c WHERE c.post_id = p.id);